<?xml version="1.0" encoding="utf-8"?><?xml-stylesheet type="text/xsl" href="https://portal.rosreestr.ru/xsl/GKN/KPOKS/03/common.xsl"?><KPOKS xmlns:ns2="urn://x-artefacts-rosreestr-ru/commons/complex-types/numbers/1.0" xmlns:ns3="urn://x-artefacts-rosreestr-ru/commons/complex-types/parameters-oks/2.0.1" xmlns:ns4="urn://x-artefacts-rosreestr-ru/commons/complex-types/address-output/3.0.1" xmlns:ns5="urn://x-artefacts-smev-gov-ru/supplementary/commons/1.0.1" xmlns:ns6="urn://x-artefacts-rosreestr-ru/commons/complex-types/document-output/3.0.1" xmlns:ns7="urn://x-artefacts-rosreestr-ru/commons/complex-types/entity-spatial/2.0.1" xmlns:ns8="urn://x-artefacts-rosreestr-ru/commons/complex-types/assignation-flat/1.0.1" xmlns:ns9="urn://x-artefacts-rosreestr-ru/commons/complex-types/certification-doc/1.0" xmlns:ns10="urn://x-artefacts-rosreestr-ru/commons/complex-types/cultural-heritage/2.0.1" xmlns="urn://x-artefacts-rosreestr-ru/outgoing/kpoks/3.0.7"><Realty><Flat CadastralNumber="17:18:0105022:2739" State="01" DateCreated="2014-01-22"><CadastralBlock>17:18:0105022</CadastralBlock><ObjectType>002001003000</ObjectType><OldNumbers><ns2:OldNumber Type="02" Number="17:03:160:00:1111" /><ns2:OldNumber Type="01" Number="б.н." /></OldNumbers><Assignation><ns8:AssignationCode>206002000000</ns8:AssignationCode><ns8:AssignationType>205001000000</ns8:AssignationType></Assignation><Area>49.4</Area><Address><ns4:OKATO>93401000000</ns4:OKATO><ns4:KLADR>17000001000019300</ns4:KLADR><ns4:Region>17</ns4:Region><ns4:City Name="Кызыл" Type="г" /><ns4:Street Name="Титова" Type="ул" /><ns4:Level1 Type="д" Value="36" /><ns4:Apartment Type="кв" Value="1" /><ns4:Note>Республика Тыва, г.Кызыл, ул.Титова, д.36, кв.1</ns4:Note></Address><PositionInObject><Levels><Level Number="1" Type="01"><Position NumberOnPlan=""><Plans><Plan Name="1\54.jpg" /></Plans></Position></Level></Levels></PositionInObject><CadastralCost Value="2155245.43" Unit="383" /><Rights><Right><Name>Собственность</Name><Type>001001000000</Type><Owners><Owner><Person><FamilyName>Кузнецов</FamilyName><FirstName>Игорь</FirstName><Patronymic>Владимирович</Patronymic></Person></Owner></Owners><Registration><RegNumber>17-01/01-8/1999-119.2</RegNumber><RegDate>1999-08-26</RegDate></Registration></Right></Rights></Flat></Realty><CertificationDoc><ns9:Organization>Филиал Федерального государственного бюджетного учреждения "Федеральная кадастровая палата Федеральной службы государственной регистрации, кадастра и картографии" по Республике Тыва</ns9:Organization><ns9:Date>2016-03-03</ns9:Date><ns9:Number>17/16-1-13790</ns9:Number><ns9:Official><ns9:Appointment>начальник отдела</ns9:Appointment><ns5:FamilyName>Допуй-оол</ns5:FamilyName><ns5:FirstName>Чаяна</ns5:FirstName><ns5:Patronymic>Евгеньевна</ns5:Patronymic></ns9:Official></CertificationDoc><CoordSystems><ns7:CoordSystem Name="Местная 71" CsId="ID119" /></CoordSystems></KPOKS>